{
    "roc_auc": 0.703779279456905,
    "ks": 0.29278632768517,
    "confusion_matrix": [
        [
            144786,
            7061
        ],
        [
            41745,
            8204
        ]
    ]
}