{
    "roc_auc": 0.694462125759603,
    "ks": 0.27941656363495515,
    "confusion_matrix": [
        [
            142738,
            9109
        ],
        [
            40846,
            9103
        ]
    ]
}